{"cameraMode":{"drawMode":0,"name":"Shaded","section":"Shading Mode"},"sceneLighting":true,"audioPlay":false,"sceneViewState":{"showFog":true,"showMaterialUpdate":true,"showSkybox":true,"showFlares":true,"showImageEffects":true,"showParticleSystems":true},"in2DMode":false,"pivot":{"x":-1.3010834455490113,"y":10.04680347442627,"z":-5.082630157470703},"rotation":{"x":0.20342391729354859,"y":-0.020558901131153108,"z":0.004275759682059288,"w":0.9788714647293091},"size":13.717278480529786,"orthographic":false}